TrackID,ParticleName,PosX,PosY,PosZ,Probability,TrackDistance
0,pi+,-0.0546445282206355,0.11062520663305334,-0.03185277557734904,0
0,pi+,-0.9566836891840118,-0.3209683402429095,0.6484623390237304,1
0,pi+,-1.869257146604242,-0.72981711721133,1.3287774536248098,2
0,pi+,-2.7917915042404426,-1.1156642327859423,2.0090925682258893,3
0,pi+,-3.7237071071306467,-1.4782672480881804,2.6894076828269684,4
0,pi+,-4.6644184058057405,-1.817398329178522,3.369722797428048,5
0,pi+,-5.613334324207102,-2.13284439021113,4.050037912029127,6
0,pi+,-6.56985863107674,-2.424407227321835,4.7303530266302065,7
0,pi+,-7.533390314586607,-2.6919036431653494,5.4106681412312865,8
0,pi+,-8.503323959971674,-2.9351655620234416,6.0909832558323656,9
0,pi+,-9.479050129929497,-3.1540401354117638,6.771298370433445,10
0,pi+,-10.459955747547275,-3.3483898381189654,7.451613485034525,11
0,pi+,-11.445424481515746,-3.5180925546177466,8.131928599635604,12
0,pi+,-12.434837133387958,-3.663041655793581,8.812243714236683,13
0,pi+,-13.427572026639513,-3.7831460659428533,9.492558828837762,14
0,pi+,-14.42300539728588,-3.8783303199983608,10.172873943438843,15
0,pi+,-15.420511785811286,-3.9485346109461883,10.853189058039922,16
0,pi+,-16.419464430163007,-3.993714827404179,11.533504172641,17
0,pi+,-17.419235659564038,-4.013842581338402,12.21381928724208,18
0,pi+,-18.419197288896765,-4.00890522590015,12.894134401843159,19
0,pi+,-19.4187210134098,-3.978905863372347,13.57444951644424,20
0,pi+,-20.417178803499997,-3.9238633432202707,14.254764631045319,21
0,pi+,-21.413943299321563,-3.843812250247904,14.935079745646398,22
0,pi+,-22.40838820497436,-3.7388028828673026,15.615394860247477,23
0,pi+,-23.399888682023718,-3.6089012214946337,16.295709974848556,24
0,pi+,-24.387821742104425,-3.4541888870928155,16.976025089449635,25
0,pi+,-25.371566638362303,-3.2747630898866618,17.656340204050714,26
0,pi+,-26.350505255487384,-3.070736568282931,18.336655318651793,27
0,pi+,-27.32402249809359,-2.8422375180335155,19.016970433252876,28
0,pi+,-28.291506677200932,-2.589409511686343,19.697285547853955,29
0,pi+,-29.252349894577314,-2.3124114083746132,20.377600662455034,30
0,pi+,-30.205948424698565,-2.0114172540010262,21.057915777056113,31
0,pi+,-31.151703094086617,-1.6866161718797024,21.738230891657192,32
0,pi+,-32.08901965778747,-1.3382122439045503,22.41854600625827,33
0,pi+,-33.017309172752455,-0.9664243823187277,23.09886112085935,34
0,pi+,-33.93598836788816,-0.5714861921657572,23.77917623546043,35
0,pi+,-34.844480010542476,-0.15364582450873954,24.45949135006151,36
0,pi+,-35.74221326919654,0.286834179490123,25.139806464662588,37
0,pi+,-36.62862407213465,0.7496770535317232,25.820121579263667,38
0,pi+,-37.503155461866825,1.2345919800802942,26.50043669386475,39
0,pi+,-38.36525794508122,1.7412742730924524,27.18075180846583,40
0,pi+,-39.21438983790668,2.269405569460254,27.861066923066907,41
0,pi+,-40.05001760626834,2.818654029047913,28.541382037667987,42
0,pi+,-40.871616201122436,3.388674543196517,29.221697152269066,43
0,pi+,-41.67866938835988,3.9791089515658005,29.902012266870145,44
0,pi+,-42.470670073170915,4.5895862671765695,30.582327381471224,45
0,pi+,-43.247120618667516,5.219722909512587,31.262642496072303,46
0,pi+,-44.007533158562985,5.869122945535228,31.942957610673382,47
0,pi+,-44.7514299037124,6.537378338459661,32.62327272527446,48
0,pi+,-45.478343442321346,7.224069204136146,33.30358783987554,49
0,pi+,-46.187817033634204,7.928764074875328,33.98390295447662,50
0,pi+,-46.8794048949176,8.651020170551895,34.6642180690777,51
0,pi+,-47.55267248155851,9.390383676816032,35.34453318367878,52
0,pi+,-48.207196760101226,10.146390030238159,36.024848298279856,53
0,pi+,-48.84256647405146,10.918564210207474,36.705163412880935,54
0,pi+,-49.45838240228066,11.70642103740115,37.38547852748202,55
0,pi+,-50.05425760986819,12.50946547863651,38.0657936420831,56
0,pi+,-50.62981769122369,13.327192957914626,38.74610875668418,57
0,pi+,-51.18470100533695,14.159089673459992,39.42642387128526,58
0,pi+,-51.71855890300732,15.004632920557057,40.10673898588634,59
0,pi+,-52.23105594591014,15.863291419980637,40.78705410048742,60
0,pi+,-52.721870117362315,16.734525651813964,41.467369215088496,61
0,pi+,-53.1906930246546,17.617788194444685,42.147684329689575,62
0,pi+,-53.63723009282378,18.512524068525618,42.827999444290654,63
0,pi+,-54.06120074974249,19.41817108568429,43.50831455889173,64
0,pi+,-54.46233860241087,20.334160201762153,44.18862967349281,65
0,pi+,-54.84039160433893,21.259915874361383,44.86894478809389,66
0,pi+,-55.19512221391467,22.19485642447488,45.54925990269497,67
0,pi+,-55.52630754365828,23.13839440197186,46.22957501729605,68
0,pi+,-55.833739500268806,24.08993695470984,46.90989013189713,69
0,pi+,-56.11722491537519,25.048886201040663,47.59020524649821,70
0,pi+,-56.37658566690949,26.014639605476823,48.27052036109929,71
0,pi+,-56.6116587910262,26.986590357281923,48.950835475700366,72
0,pi+,-56.82229658449702,27.964127751747338,49.631150590301445,73
0,pi+,-57.00836669751714,28.946637573915627,50.311465704902524,74
0,pi+,-57.16975221686441,29.933502484509518,50.9917808195036,75
0,pi+,-57.30635173935934,30.92410240782399,51.67209593410469,76
0,pi+,-57.41807943557956,31.91781492133775,52.35241104870577,77
0,pi+,-57.50486510378897,32.9140156467992,53.03272616330685,78
0,pi+,-57.56665421404757,33.91207864254142,53.71304127790793,79
0,pi+,-57.60340794247408,34.911376796779294,54.393356392509006,80
0,pi+,-57.61510319564016,35.91128222164201,55.073671507110085,81
0,pi+,-57.60173262508076,36.91116664769304,55.753986621711164,82
0,pi+,-57.56330463191122,37.91040181869007,56.43430173631224,83
0,pi+,-57.499843361548734,38.90835988633644,57.11461685091332,84
0,pi+,-57.41138868854098,39.904413804776375,57.7949319655144,85
0,pi+,-57.297996191511906,40.89793772458606,58.47524708011548,86
0,pi+,-57.159737118239974,41.888307386012784,59.15556219471656,87
0,pi+,-56.9966983408912,42.874900511215415,59.83587730931764,88
0,pi+,-56.80898230143481,43.85709719525955,60.51619242391872,89
0,pi+,-56.59670694727605,44.834280295621625,61.196507538519796,90
0,pi+,-56.360005657146345,45.80583581995744,61.876822653120875,91
0,pi+,-56.099027157297655,46.77115331189116,62.557137767721954,92
0,pi+,-55.81393542805351,47.729626234582824,63.23745288232303,93
0,pi+,-55.50490960077535,48.68065235183278,63.91776799692411,94
0,pi+,-55.172143845309215,49.62363410648421,64.5980831115252,95
0,pi+,-54.81584724798309,50.557978995885506,65.27839822612627,96
0,pi+,-54.4362436802321,51.48309994417671,65.95871334072736,97
0,pi+,-54.033571657933535,52.398415671166305,66.63902845532843,98
0,pi+,-53.608084191540414,53.30335105756626,67.31934356992952,99
0,pi+,-53.1600486271078,54.19733750635618,67.99965868453059,100
0,pi+,-52.689746478311434,55.07981330004914,68.67997379913167,101
0,pi+,-52.19747324956474,55.950223953635025,69.36028891373275,102
0,pi+,-51.68353825034471,56.808022562979424,70.04060402833383,103
0,pi+,-51.14826440084394,57.65267014845937,70.7209191429349,104
0,pi+,-50.591988029070485,58.48363599361971,71.40123425753599,105
0,pi+,-50.015058659523284,59.30039797863759,72.08154937213706,106
0,pi+,-49.417838793575896,60.102442908385484,72.76186448673815,107
0,pi+,-48.80070368170628,60.889266834886286,73.44217960133923,108
0,pi+,-48.164041087716285,61.66037537395873,74.1224947159403,109
0,pi+,-47.508251045088244,62.415284015852855,74.80280983054139,110
0,pi+,-46.83374560563259,63.15351842968166,75.48312494514246,111
0,pi+,-46.14094858058368,63.87461476145703,76.16344005974355,112
0,pi+,-45.430295274307,64.5781199255422,76.84375517434462,113
0,pi+,-44.70223221078493,65.26359188933893,77.52407028894571,114
0,pi+,-43.95721685305272,65.93059995102908,78.20438540354678,115
0,pi+,-43.19571731576141,66.5787250101971,78.88470051814787,116
0,pi+,-42.41821207104769,67.20755983116297,79.56501563274894,117
0,pi+,-41.62518964789625,67.81670929885995,80.24533074735002,118
0,pi+,-40.81714832518281,68.40579066709698,80.9256458619511,119
0,pi+,-39.99459581859114,68.97443379904902,81.60596097655218,120
0,pi+,-39.15804896160066,69.52228139982483,82.28627609115325,121
0,pi+,-38.30803338074498,70.04898924096553,82.96659120575434,122
0,pi+,-37.44508316534567,70.55422637673325,83.64690632035541,123
0,pi+,-36.56974053192852,71.03767535205414,84.3272214349565,124
0,pi+,-35.68255548353314,71.49903240198422,85.00753654955757,125
0,pi+,-34.78408546413036,71.93800764257395,85.68785166415866,126
0,pi+,-33.874895008363836,72.35432525301046,86.36816677875973,127
0,pi+,-32.95555538683692,72.74772364892387,87.04848189336082,128
0,pi+,-32.02664424716667,73.11795564674821,87.7287970079619,129
0,pi+,-31.088745251031252,73.46478861903412,88.40911212256297,130
0,pi+,-30.142447707438468,73.78800464061521,89.08942723716406,131
0,pi+,-29.18834620244579,74.08740062553686,89.76974235176513,132
0,pi+,-28.227040225564952,74.36278845466093,90.45005746636622,133
0,pi+,-27.25913379308526,74.61399509386646,91.13037258096729,134
0,pi+,-26.285235068552808,74.84086270277207,91.81068769556838,135
0,pi+,-25.305955980643688,75.04324873391144,92.49100281016945,136
0,pi+,-24.32191183867159,75.22102602230025,93.17131792477053,137
0,pi+,-23.333720945971194,75.37408286533736,93.8516330393716,138
0,pi+,-22.34200421140035,75.50232309299095,94.53194815397269,139
0,pi+,-21.34738475920513,75.60566612822493,95.21226326857376,140
0,pi+,-20.35048753749286,75.68404703762766,95.89257838317485,141
0,pi+,-19.35193892555911,75.73741657221159,96.57289349777592,142
0,pi+,-18.352366340315726,75.76574119835793,97.25320861237701,143
0,pi+,-17.352397842066427,75.76900311888656,97.93352372697808,144
0,pi+,-16.35266173987855,75.74720028423867,98.61383884157917,145
0,pi+,-15.353786196798278,75.70034639376453,99.29415395618024,146
0,pi+,-14.356398835157641,75.62847088711574,99.97446907078132,147
0,pi+,-13.36112634222135,75.53161892574755,100.6547841853824,148
0,pi+,-12.368594076421065,75.40985136454249,101.33509929998348,149
0,pi+,-11.379425674424628,75.26324471357354,102.01541441458455,150
0,pi+,-10.394242659287215,75.09189109003076,102.69572952918564,151
0,pi+,-9.413664049930397,74.89589816034116,103.37604464378673,152
0,pi+,-8.438305972194673,74.67538907251901,104.0563597583878,153
0,pi+,-7.468781271709894,74.4305023787882,104.73667487298889,154
0,pi+,-6.50569912882662,74.1613919485261,105.41698998758996,155
0,pi+,-5.54966467585054,73.86822687158273,106.09730510219104,156
0,pi+,-4.6012786168203625,73.55119135203694,106.77762021679212,157
0,pi+,-3.6611368500681323,73.21048459245553,107.4579353313932,158
0,pi+,-2.729830093799123,72.8463206687286,108.13825044599427,159
0,pi+,-1.8079435149265706,72.45892839555951,108.81856556059536,160
0,pi+,-0.896056361394308,72.04855118269391,109.49888067519643,161
0,pi+,0.00525840178129755,71.61544688197847,110.17919578979752,162
0,pi+,0.89543445252189,71.15988762534508,110.85951090439859,163
0,pi+,1.7739124675236084,70.68215965382242,111.53982601899968,164
0,pi+,2.6401404736960643,70.18256313768269,112.22014113360075,165
0,pi+,3.4935741949829655,69.66141198783565,112.90045624820183,166
0,pi+,4.333677394346452,69.11903365858959,113.5807713628029,167
0,pi+,5.15992221070033,68.5557689419023,114.26108647740399,168
0,pi+,5.971789490580392,67.97197175325151,114.94140159200506,169
0,pi+,6.768769114343595,67.36800890925963,115.62171670660615,170
0,pi+,7.55036031669086,66.74425989721244,116.30203182120722,171
0,pi+,8.31607200131242,66.1011166366161,116.98234693580831,172
0,pi+,9.065423049457785,65.43898323294283,117.6626620504094,173
0,pi+,9.797942622236537,64.75827572371986,118.34297716501047,174
0,pi+,10.513170456460017,64.059421817121,119.02329227961155,175
0,pi+,11.210657153837946,63.34286062322525,119.70360739421263,176
0,pi+,11.889964463348338,62.60904237811121,120.38392250881371,177
0,pi+,12.550665556603299,61.85842816096088,121.06423762341478,178
0,pi+,13.192345296037576,61.09148960435021,121.74455273801587,179
0,pi+,13.814600495751488,60.30870859790882,122.42486785261694,180
0,pi+,14.417040174844317,59.510576985534634,123.10518296721803,181
0,pi+,14.999285803078788,58.697596256354444,123.7854980818191,182
0,pi+,15.560971538722622,57.87027722962368,124.46581319642019,183
0,pi+,16.101744458417407,57.02913973376389,125.14612831102126,184
0,pi+,16.621264778930584,56.17471227973964,125.82644342562234,185
0,pi+,17.119206070651003,55.30753172897971,126.50675854022342,186
0,pi+,17.5952554626941,54.42814295605167,127.1870736548245,187
0,pi+,18.049113839487706,53.537098506301376,127.86738876942557,188
0,pi+,18.480496028714946,52.63495824867289,128.54770388402665,189
0,pi+,18.889130980496315,51.72228902392658,129.22801899862773,190
0,pi+,19.2747619376981,50.799664288476606,129.90833411322882,191
0,pi+,19.637146597260248,49.867663754071984,130.5886492278299,192
0,pi+,19.97605726244248,48.92687302354672,131.268964342431,193
0,pi+,20.291280985892623,47.9778832228688,131.94927945703205,194
0,pi+,20.582619703447627,47.02129062971855,132.62959457163313,195
0,pi+,20.849890358582982,46.05769629883028,133.30990968623422,196
0,pi+,21.09292501743244,45.08770568433218,133.9902248008353,197
0,pi+,21.311570974305653,44.111928259322,134.67053991543636,198
0,pi+,21.505690847637652,43.13097713291759,135.35085503003745,199
0,pi+,21.675162666309546,42.14546866502275,136.03117014463854,200
0,pi+,21.81987994628659,41.156022079050295,136.71148525923962,201
0,pi+,21.939751757525116,40.16325907284646,137.39180037384068,202
0,pi+,22.03470278110652,39.16780342805994,138.07211548844177,203
0,pi+,22.104673356562337,38.170280618202,138.75243060304285,204
0,pi+,22.149619519360602,37.171317415643365,139.43274571764394,205
0,pi+,22.169513028530034,36.17154149779506,140.113060832245,206
0,pi+,22.164341384404693,35.17158105272059,140.79337594684608,207
0,pi+,22.134107836477824,34.17206438442724,141.47369106144717,208
0,pi+,22.078831381360175,33.17361951808452,142.15400617604826,209
0,pi+,21.99854675084381,32.17687380541791,142.8343212906493,210
0,pi+,21.89330439007915,31.182453530525464,143.5146364052504,211
0,pi+,21.763170425878858,30.190983516365673,144.1949515198515,212
0,pi+,21.608226625168392,29.20308673216305,144.87526663445257,213
0,pi+,21.42857034360955,28.219383901978574,145.55558174905363,214
0,pi+,21.22431446442905,27.2404931146909,146.23589686365472,215
0,pi+,20.995587327490767,26.26702943563322,146.9162119782558,216
0,pi+,20.74253264865609,25.299604520130018,147.5965270928569,217
0,pi+,20.465309429483078,24.33882622917635,148.27684220745797,218
0,pi+,20.164091857321225,23.38529824750124,148.95715732205903,219
0,pi+,19.839069195864493,22.439619704255136,149.63747243666012,220
0,pi+,19.4904456662315,21.502384796559816,150.3177875512612,221
0,pi+,19.11844031864743,20.574182416157058,150.9981026658623,222
0,pi+,18.723286894808552,19.65559577939115,151.67841778046335,223
0,pi+,18.30523368101551,18.747202060757093,152.35873289506443,224
0,pi+,17.864543352167857,17.849572030245277,153.03904800966552,225
0,pi+,17.401492806717897,16.963269694710174,153.7193631242666,226
0,pi+,16.916372992687318,16.088851943488574,154.39967823886766,227
0,pi+,16.409488724856235,15.22686819848996,155.07999335346875,228
0,pi+,15.881158493239186,14.37786006897884,155.76030846806984,229
0,pi+,15.331714262968733,13.542361011266028,156.44062358267092,230
0,pi+,14.761501265712162,12.720895993522667,157.12093869727198,231
0,pi+,14.170877782752399,11.913981165927478,157.80125381187307,232
0,pi+,13.560214919869678,11.12212353635486,158.48156892647415,233
0,pi+,12.929896374164942,10.34582065180711,159.16188404107524,234
0,pi+,12.280318192971954,9.58556028579129,159.8421991556763,235
0,pi+,11.611888525009293,8.841820131837089,160.52251427027738,236
0,pi+,10.925027363928741,8.115067503348158,161.20282938487847,237
0,pi+,10.220166284421163,7.405759039975627,161.88314449947956,238
0,pi+,9.49774817104565,6.71434042069823,162.56345961408064,239
0,pi+,8.758226939952396,6.0412460837893445,163.2437747286817,240
0,pi+,8.002067253674085,5.386898953846906,163.9240898432828,241
0,pi+,7.229744229164913,4.75171017605758,164.60440495788387,242
0,pi+,6.441743139271055,4.136078857862523,165.28472007248496,243
0,pi+,5.638559107819621,3.540391818186559,165.96503518708602,244
0,pi+,4.8206967985180915,2.965023344388711,166.6453503016871,245
0,pi+,3.9886700978595524,2.4103349570866532,167.3256654162882,246
0,pi+,3.1430017922329676,1.87667518300287,168.00598053088927,247
0,pi+,2.2842232394414146,1.3643793359752572,168.68629564549033,248
0,pi+,1.4128740348346358,0.8737693062697628,169.36661076009142,249
0,pi+,0.5295016722657067,0.4051533583274409,170.0469258746925,250
0,pi+,-0.3653387999151194,-0.04117406292697694,170.7272409892936,251
0,pi+,-1.271085127613436,-0.46493251709338834,171.40755610389465,252
0,pi+,-2.1871682042709693,-0.865855744505023,172.08787121849574,253
0,pi+,-3.1130124284517784,-1.2436918335271392,172.76818633309682,254
0,pi+,-4.04803606550922,-1.5982033788403582,173.4485014476979,255
0,pi+,-4.991651613106615,-1.9291676306092782,174.12881656229897,256
0,pi+,-5.943266170361922,-2.2363766344426246,174.80913167690005,257
0,pi+,-6.902281810384476,-2.519637362056997,175.48944679150114,258
0,pi+,-7.868095955969707,-2.778771832562108,176.16976190610222,259
0,pi+,-8.840101758215788,-3.0136172242913135,176.8500770207033,260
0,pi+,-9.81768847782432,-3.2240259771071713,177.53039213530437,261
0,pi+,-10.800241868845417,-3.409865885117716,178.21070724990545,262
0,pi+,-11.787144564626306,-3.5710201797452736,178.89102236450654,263
0,pi+,-12.777776465720411,-3.7073876030954818,179.57133747910763,264
0,pi+,-13.771515129513855,-3.8188824715805803,180.25165259370868,265
0,pi+,-14.767736161324105,-3.905434729756871,180.93196770830977,266
0,pi+,-15.765813606725153,-3.966989994342574,181.61228282291086,267
0,pi+,-16.76512034485275,-4.003509588388416,182.29259793751194,268
0,pi+,-17.765028482442556,-4.0149705655794765,182.972913052113,269
0,pi+,-18.764909748353592,-4.001365724653014,183.6532281667141,270
0,pi+,-19.76413588832913,-3.962703613923228,184.33354328131517,271
0,pi+,-20.762079059746934,-3.8990085259101077,185.01385839591626,272
0,pi+,-21.75811222611105,-3.8103204820757446,185.69417351051732,273
0,pi+,-22.751609551036722,-3.696695207677683,186.3744886251184,274
0,pi+,-23.741946791481574,-3.5582040967551407,187.0548037397195,275
0,pi+,-24.728501689975538,-3.394934167270079,187.73511885432058,276
0,pi+,-25.710654365603137,-3.2069880064312875,188.41543396892163,277
0,pi+,-26.687787703492575,-2.9944837062358918,189.09574908352272,278
0,pi+,-27.659287742566825,-2.757554789268749,189.7760641981238,279
0,pi+,-28.624544061313085,-2.496350124806348,190.4563793127249,280
0,pi+,-29.582950161328224,-2.2110338352779326,191.13669442732598,281
0,pi+,-30.533903848399227,-1.9017851931426826,191.81700954192704,282
0,pi+,-31.476807610879295,-1.5687985082475908,192.49732465652812,283
0,pi+,-32.41106899512149,-1.2122830057370404,193.1776397711292,284
0,pi+,-33.336100977734574,-0.8324626945905731,193.8579548857303,285
0,pi+,-34.251322334426725,-0.42957622687161034,194.53827000033135,286
0,pi+,-35.156158005205526,-0.00387674777541136,195.21858511493244,287
0,pi+,-36.050039455704756,0.44436826342926494,195.89890022953352,288
1,pi+,-0.04768288203367185,0.02709228197082148,0.059884798904708436,0
1,pi+,-0.5463422632103988,-0.8397002153363151,0.038388894269428625,1
1,pi+,-1.0542704591622094,-1.7010940622963675,0.01689298963414882,2
1,pi+,-1.5714090289629972,-2.5569901491246068,-0.004602915001130987,3
1,pi+,-2.0976984719644736,-3.4072899985946017,-0.026098819636410794,4
1,pi+,-2.6330782346421544,-4.251895777368752,-0.047594724271690605,5
1,pi+,-3.1774867175625015,-5.0907103072547475,-0.0690906289069704,6
1,pi+,-3.7308612824703937,-5.923637076386644,-0.09058653354225021,7
1,pi+,-4.293138259496124,-6.750580250329271,-0.11208243817753002,8
1,pi+,-4.864252954481094,-7.5714446831046995,-0.13357834281280984,9
1,pi+,-5.444139656421358,-8.38613592813949,-0.15507424744808965,10
1,pi+,-6.032731645028171,-9.19456024913149,-0.17657015208336946,11
1,pi+,-6.629961198404643,-9.996624630834882,-0.19806605671864924,12
1,pi+,-7.235759600837656,-10.792236789762272,-0.21956196135392905,13
1,pi+,-7.850057150704119,-11.581305184802623,-0.24105786598920886,14
1,pi+,-8.472783168490661,-12.363739027753718,-0.2625537706244887,15
1,pi+,-9.10386600492583,-13.139448293768016,-0.2840496752597685,16
1,pi+,-9.743233049223878,-13.908343731710703,-0.30554557989504827,17
1,pi+,-10.390810737439178,-14.670336874428685,-0.3270414845303281,18
1,pi+,-11.046524560930298,-15.425340048929401,-0.3485373891656079,19
1,pi+,-11.71029907493278,-16.173266386468242,-0.37003329380088773,20
1,pi+,-12.382057907239624,-16.914029832543466,-0.3915291984361675,21
1,pi+,-13.061723766988472,-17.647545156797406,-0.41302510307144735,22
1,pi+,-13.749218453554505,-18.373727962822834,-0.43452100770672714,23
1,pi+,-14.444462865548012,-19.092494697873438,-0.4560169123420069,24
1,pi+,-15.147377009915582,-19.80376266247715,-0.47751281697728676,25
1,pi+,-15.857880011143905,-20.507450019951364,-0.49900872161256654,26
1,pi+,-16.575890120565116,-21.203475805818837,-0.5205046262478463,27
1,pi+,-17.301324725762576,-21.89175993712328,-0.5420005308831262,28
1,pi+,-18.034100360076042,-22.572223221643466,-0.563496435518406,29
1,pi+,-18.774132712205144,-23.244787367004907,-0.5849923401536858,30
1,pi+,-19.521336635910014,-23.909374989687983,-0.6064882447889656,31
1,pi+,-20.27562615980801,-24.565909623931475,-0.6279841494242454,32
1,pi+,-21.036914497265343,-25.214315730530526,-0.6494800540595252,33
1,pi+,-21.805114056382564,-25.854518705527994,-0.670975958694805,34
1,pi+,-22.580136450072615,-26.4864448887982,-0.6924718633300848,35
1,pi+,-23.361892506230465,-27.110021572522037,-0.7139677679653647,36
1,pi+,-24.150292277993003,-27.725177009552603,-0.7354636726006445,37
1,pi+,-24.945245054088105,-28.331840421670222,-0.7569595772359242,38
1,pi+,-25.746659369271644,-28.929942007725977,-0.7784554818712041,39
1,pi+,-26.554443014851223,-29.51941295167289,-0.7999513865064839,40
1,pi+,-27.36850304929551,-30.100185430483705,-0.8214472911417636,41
1,pi+,-28.188745808927834,-30.672192621954448,-0.8429431957770435,42
1,pi+,-29.015076918702892,-31.2353687123928,-0.8644391004123233,43
1,pi+,-29.847401303065293,-31.78964890419045,-0.8859350050476031,44
1,pi+,-30.685623196888734,-32.33496942327857,-0.9074309096828829,45
1,pi+,-31.52964615649447,-32.87126752646549,-0.9289268143181627,46
1,pi+,-32.379373070747874,-33.39848150865573,-0.9504227189534425,47
1,pi+,-33.23470617223181,-33.91655070994968,-0.9719186235887223,48
1,pi+,-34.095547048495526,-34.42541552262298,-0.9934145282240021,49
1,pi+,-34.961796653377675,-34.92501739798476,-1.014910432859282,50
1,pi+,-35.83335531840239,-35.4152988531142,-1.0364063374945618,51
1,pi+,-36.710122764246826,-35.89620347747429,-1.0579022421298416,52
1,pi+,-37.59199811227908,-36.367675939402325,-1.0793981467651215,53
1,pi+,-38.47887989616501,-36.82966199247623,-1.100894051400401,54
1,pi+,-39.37066607354272,-37.282108481755984,-1.122389956035681,55
1,pi+,-40.26725403776323,-37.72496334989949,-1.1438858606709608,56
1,pi+,-41.16854062969624,-38.15817564315223,-1.1653817653062406,57
1,pi+,-42.07442214959924,-38.58169551720976,-1.1868776699415204,58
1,pi+,-42.984794369049055,-38.99547424295278,-1.2083735745768003,59
1,pi+,-43.899552542934,-39.39946421205374,-1.2298694792120801,60
1,pi+,-44.81859142150563,-39.79361894245448,-1.2513653838473597,61
1,pi+,-45.741805262488555,-40.177893083714416,-1.2728612884826396,62
1,pi+,-46.66908784324678,-40.552242422228424,-1.2943571931179194,63
1,pi+,-47.60033247300548,-40.916623886313914,-1.3158530977531993,64
1,pi+,-48.53543200512655,-41.27099555116657,-1.337349002388479,65
1,pi+,-49.474278849436644,-41.615316643684146,-1.358844907023759,66
1,pi+,-50.41676498460616,-41.94954754715763,-1.3803408116590388,67
1,pi+,-51.36278197057801,-42.273649805829535,-1.4018367162943184,68
1,pi+,-52.31222096104436,-42.58758612931845,-1.4233326209295982,69
1,pi+,-53.264972715970245,-42.891320396909656,-1.444828525564878,70
1,pi+,-54.220927614162434,-43.18481766171094,-1.466324430200158,71
1,pi+,-55.179975665882225,-43.46804415467369,-1.4878203348354377,72
1,pi+,-56.142006525500506,-43.7409672884781,-1.5093162394707176,73
1,pi+,-57.106909504193865,-44.003555661282675,-1.5308121441059974,74
1,pi+,-58.07457358268023,-44.25577906033729,-1.552308048741277,75
1,pi+,-59.044887423992336,-44.497608465459216,-1.5738039533765569,76
1,pi+,-60.017739386288014,-44.72901605237233,-1.5952998580118367,77
1,pi+,-60.99301753569532,-44.94997519590838,-1.6167957626471166,78
1,pi+,-61.97060965919138,-45.16046047307036,-1.6382916672823964,79
1,pi+,-62.95040327751338,-45.36044766595775,-1.6597875719176762,80
1,pi+,-63.93228565810009,-45.5499137645529,-1.681283476552956,81
1,pi+,-64.91614382806263,-45.72883696936847,-1.7027793811882357,82
1,pi+,-65.90186458718279,-45.89719669395569,-1.7242752858235155,83
1,pi+,-66.88933452093758,-46.05497356727297,-1.7457711904587954,84
1,pi+,-67.8784400135485,-46.20214943591456,-1.7672670950940752,85
1,pi+,-68.86906726105374,-46.338707366199486,-1.788762999729355,86
1,pi+,-69.86110228440225,-46.46463164611964,-1.8102589043646349,87
1,pi+,-70.8544309425679,-46.57990778714772,-1.8317548089999147,88
1,pi+,-71.84893894568222,-46.68452252590423,-1.8532507136351943,89
1,pi+,-72.84451186818427,-46.77846382568338,-1.8747466182704742,90
1,pi+,-73.84103516198627,-46.861720877838266,-1.896242522905754,91
1,pi+,-74.83839416965307,-46.934284103024225,-1.9177384275410339,92
1,pi+,-75.83647413759445,-46.9961451523012,-1.9392343321763137,93
1,pi+,-76.83516022926831,-47.04729690809418,-1.9607302368115935,94
1,pi+,-77.83433753839348,-47.0877334850123,-1.9822261414468734,95
1,pi+,-78.83389110217061,-47.117450230525876,-2.003722046082153,96
1,pi+,-79.83370591450944,-47.13644372550179,-2.025217950717433,97
1,pi+,-80.83366693926106,-47.14471178459678,-2.0467138553527127,98
1,pi+,-81.83365912345377,-47.14225345650905,-2.0682097599879925,99
1,pi+,-82.83356741053075,-47.129069024087556,-2.0897056646232723,100
1,pi+,-83.83327675358815,-47.105160004299535,-2.111201569258552,101
1,pi+,-84.83267212861215,-47.07052914805598,-2.132697473893832,102
1,pi+,-85.83163854771323,-47.02518043989515,-2.154193378529112,103
1,pi+,-86.8300610723565,-46.96911909752402,-2.1756892831643917,104
1,pi+,-87.82782482658617,-46.902351571218034,-2.1971851877996715,105
1,pi+,-88.82481501024287,-46.82488554307891,-2.2186810924349514,106
1,pi+,-89.82091691217235,-46.73672992615079,-2.2401769970702308,107
1,pi+,-90.81601592342375,-46.637894863394685,-2.2616729017055106,108
1,pi+,-91.80999755043624,-46.52839172652152,-2.2831688063407904,109
1,pi+,-92.80274742821248,-46.4082331146836,-2.3046647109760703,110
1,pi+,-93.79415133347692,-46.277432853025175,-2.32616061561135,111
1,pi+,-94.78409519781827,-46.13600599109161,-2.34765652024663,112
1,pi+,-95.77246512081388,-45.98396880109785,-2.36915242488191,113
1,pi+,-96.75914738313466,-45.82133877605622,-2.3906483295171896,114
1,pi+,-97.74402845962953,-45.64813462776367,-2.4121442341524695,115
1,pi+,-98.72699503238734,-45.46437628464889,-2.4336401387877493,116
1,pi+,-99.70793400377474,-45.27008488947938,-2.455136043423029,117
1,pi+,-100.68673250944912,-45.06528279692881,-2.476631948058309,118
1,pi+,-101.66327793134438,-44.84999357100494,-2.498127852693589,119
1,pi+,-102.63745791062854,-44.62424198233844,-2.5196237573288687,120
1,pi+,-103.60916036063136,-44.38805400533282,-2.541119661964148,121
1,pi+,-104.57827347974089,-44.14145681517588,-2.562615566599428,122
1,pi+,-105.54468576426694,-43.88447878471296,-2.5841114712347077,123
1,pi+,-106.50828602127058,-43.61714948118258,-2.6056073758699876,124
1,pi+,-107.4689633813575,-43.33949966281427,-2.6271032805052674,125
1,pi+,-108.42660731143451,-43.05156127528986,-2.6485991851405473,126
1,pi+,-109.38110762742717,-42.75336744806774,-2.670095089775827,127
1,pi+,-110.33235450695733,-42.44495249057107,-2.691590994411107,128
1,pi+,-111.28023850197886,-42.12635188824032,-2.713086899046387,129
1,pi+,-112.22465055137062,-41.797602298450265,-2.7345828036816666,130
1,pi+,-113.16548199348472,-41.45874154629237,-2.7560787083169465,131
1,pi+,-114.10262457864883,-41.109808620222836,-2.7775746129522263,132
1,pi+,-115.03597048162106,-40.750843667576426,-2.799070517587506,133
1,pi+,-115.96541231399617,-40.38188798994744,-2.820566422222786,134
1,pi+,-116.89084313656136,-40.00298403843752,-2.842062326858066,135
1,pi+,-117.81215647160039,-39.61417540877148,-2.863558231493345,136
2,pi+,-0.0321300303458318,0.03481691810296623,0.04613461295373023,0
2,pi+,-0.7638380793226051,-0.6467958909460663,0.6014447750573921,1
2,pi+,-1.4891303804687073,-1.3352316310811208,1.1567549371610542,2
2,pi+,-2.207943314878744,-2.0304299162645227,1.712065099264716,3
2,pi+,-2.9202138319840003,-2.732329767282971,2.267375261368378,4
2,pi+,-3.625879455082914,-3.4408696170963258,2.82268542347204,5
2,pi+,-4.32487828682121,-4.155987316237946,3.3779955855757016,6
2,pi+,-5.0171490146212205,-4.877620138266125,3.9333057476793636,7
2,pi+,-5.702630916059899,-5.60570478526613,4.488615909783025,8
2,pi+,-6.381263864195093,-6.340177393402368,5.043926071886688,9
2,pi+,-7.052988332839551,-7.0809735385201895,5.599236233990349,10
2,pi+,-7.717745401782275,-7.828028241796856,6.154546396094012,11
2,pi+,-8.375476761956682,-8.581275975441132,6.709856558197673,12
2,pi+,-9.026124720555174,-9.340650668441052,7.265166720301335,13
2,pi+,-9.669632206089668,-10.106085712359333,7.820476882404997,14
2,pi+,-10.305942773397602,-10.877513967175918,8.375787044508659,15
2,pi+,-10.935000608593015,-11.654867767177157,8.931097206612321,16
2,pi+,-11.55675053396226,-12.438078926891096,9.486407368715982,17
2,pi+,-12.171138012803892,-13.227078747068342,10.041717530819644,18
2,pi+,-12.778109154212377,-14.021798020708028,10.597027692923307,19
2,pi+,-13.377610717805094,-14.82216703912828,11.152337855026968,20
2,pi+,-13.969590118392322,-15.628115598080711,11.70764801713063,21
2,pi+,-14.553995430589737,-16.439573003908365,12.262958179234293,22
2,pi+,-15.130775393373051,-17.25646807974662,12.818268341337955,23
2,pi+,-15.699879414574346,-18.078729171766444,13.373578503441616,24
2,pi+,-16.261257575319767,-18.906284155459485,13.928888665545278,25
2,pi+,-16.81486063440817,-19.739060441964497,14.48419882764894,26
2,pi+,-17.360640032630258,-20.576984984434432,15.039508989752601,27
2,pi+,-17.898547897027992,-21.419984284443732,15.594819151856264,28
2,pi+,-18.428537045093737,-22.267984398435267,16.150129313959926,29
2,pi+,-18.950560988908876,-23.120910944206237,16.70543947606359,30
2,pi+,-19.46457393922148,-23.97868910743263,17.26074963816725,31
2,pi+,-19.970530809462723,-24.841243648231522,17.81605980027091,32
2,pi+,-20.468387219701626,-25.70849890776077,18.371369962374573,33
2,pi+,-20.958099500537845,-26.580378814855376,18.926680124478235,34
2,pi+,-21.43962469693213,-27.456806892700072,19.481990286581897,35
2,pi+,-21.91292057197412,-28.337706265537488,20.03730044868556,36
2,pi+,-22.377945610587116,-29.22299966541127,20.592610610789222,37
2,pi+,-22.834659023169642,-30.112609438943664,21.14792077289288,38
2,pi+,-23.283020749173186,-31.006457554146813,21.703230934996544,39
2,pi+,-23.72299146061623,-31.904465607267387,22.258541097100206,40
2,pi+,-24.15453256553383,-32.80655482966371,22.81385125920387,41
2,pi+,-24.57760621136268,-33.71264609471497,23.36916142130753,42
2,pi+,-24.992175288261414,-34.62265992476177,23.924471583411194,43
2,pi+,-25.398203432365637,-35.53651649807751,24.479781745514853,44
2,pi+,-25.795655028977603,-36.454135655869955,25.035091907618515,45
2,pi+,-26.184495215690124,-37.37543690931232,25.590402069722177,46
2,pi+,-26.564689885444558,-38.300339446603374,26.14571223182584,47
2,pi+,-26.936205689522478,-39.22876214005579,26.701022393929502,48
2,pi+,-27.299010040470858,-40.16062355321229,27.256332556033165,49
2,pi+,-27.65307111496049,-41.09584194798881,27.811642718136827,50
2,pi+,-27.99835785657733,-42.03433529184413,28.366952880240486,51
2,pi+,-28.33483997854662,-42.97602126497539,28.92226304234415,52
2,pi+,-28.66248796638952,-43.92081726753869,29.47757320444781,53
2,pi+,-28.981273080511926,-44.868640426894416,30.032883366551474,54
2,pi+,-29.291167358725367,-45.819407604876325,30.588193528655136,55
2,pi+,-29.592143618699723,-46.77303540508401,31.1435036907588,56
2,pi+,-29.8841754603475,-47.72944018019804,31.698813852862457,57
2,pi+,-30.167237268139502,-48.688538039317024,32.25412401496612,58
2,pi+,-30.441304213351735,-49.65024485531614,32.80943417706978,59
2,pi+,-30.706352256243207,-50.61447627222627,33.36474433917344,60
2,pi+,-30.962358148164594,-51.581147712633324,33.92005450127711,61
2,pi+,-31.20929943359748,-52.550174385096916,34.475364663380766,62
2,pi+,-31.447154452124067,-53.52147129158782,35.03067482548443,63
2,pi+,-31.675902340327085,-54.49495323494361,35.58598498758809,64
2,pi+,-31.89552303361984,-55.47053482634165,36.14129514969176,65
2,pi+,-32.10599726800615,-56.44813049278899,36.696605311795416,66
2,pi+,-32.30730658177013,-57.42765448462838,37.251915473899075,67
2,pi+,-32.49943331709551,-58.409020883059824,37.80722563600274,68
2,pi+,-32.682360621614514,-59.39214360767691,38.3625357981064,69
2,pi+,-32.85607244988611,-60.3769364240173,38.917845960210066,70
2,pi+,-33.02055356480332,-61.36331295112687,39.473156122313725,71
2,pi+,-33.17578953892978,-62.35118666913647,40.02846628441739,72
2,pi+,-33.32176675576535,-63.34047092685113,40.58377644652105,73
2,pi+,-33.45847241094036,-64.33107894935058,41.13908660862471,74
2,pi+,-33.58589451333873,-65.32292384560076,41.694396770728375,75
2,pi+,-33.704021886149896,-66.31591861607532,42.249706932832034,76
2,pi+,-33.81284416784905,-67.30997616038695,42.8050170949357,77
2,pi+,-33.91235181310611,-68.3050092849273,43.36032725703936,78
2,pi+,-34.00253609362288,-69.30093071051506,43.915637419143025,79
2,pi+,-34.08338909889872,-70.29765308005183,44.47094758124668,80
2,pi+,-34.154903736924396,-71.29508896618444,45.02625774335034,81
2,pi+,-34.21707373480418,-72.2931508789738,45.58156790545401,82
2,pi+,-34.26989363930602,-73.29175127356892,46.13687806755767,83
2,pi+,-34.3133588173399,-74.290802557886,46.69218822966133,84
2,pi+,-34.347465456364304,-75.29021710029147,47.24749839176499,85
2,pi+,-34.37221056472045,-76.28990723728872,47.80280855386865,86
2,pi+,-34.38759197189488,-77.28978528120729,48.35811871597232,87
2,pi+,-34.39360832870979,-78.28976352789456,48.913428878075976,88
2,pi+,-34.390259107441345,-79.28975426440869,49.46873904017964,89
2,pi+,-34.377544601865964,-80.28966977671213,50.0240492022833,90
2,pi+,-34.35546592723461,-81.2894223573658,50.57935936438697,91
2,pi+,-34.32402502017493,-82.288924313222,51.134669526490626,92
2,pi+,-34.28322463852135,-83.28808797311662,51.689979688594285,93
2,pi+,-34.233068361073215,-84.28682569555914,52.24528985069795,94
2,pi+,-34.17356058728092,-85.28504987642002,52.80060001280161,95
2,pi+,-34.10470653685987,-86.28267295661499,53.355910174905276,96
2,pi+,-34.026512249332804,-87.27960742978524,53.911220337008935,97
2,pi+,-33.9389845834999,-88.27576584997298,54.4665304991126,98
2,pi+,-33.84213121683727,-89.27106083929185,55.02184066121626,99
2,pi+,-33.73596064482339,-90.26540509559112,55.57715082331992,100
2,pi+,-33.6204821801941,-91.25871140011354,56.132460985423585,101
2,pi+,-33.495705952125576,-92.2508926251456,56.68777114752724,102
2,pi+,-33.36164290534597,-93.24186174165996,57.24308130963091,103
2,pi+,-33.21830479917531,-94.23153182694926,57.79839147173457,104
2,pi+,-33.06570420649407,-95.2198160722504,58.35370163383823,105
2,pi+,-32.903854512640336,-96.20662779035905,58.90901179594189,106
2,pi+,-32.73276991423575,-97.19188042323341,59.46432195804555,107
2,pi+,-32.552465417940184,-98.17548754958656,60.01963212014922,108
2,pi+,-32.3629568391355,-99.15736289246699,60.57494228225288,109
2,pi+,-32.16426080053823,-100.13742032682626,61.13025244435654,110
2,pi+,-31.95639473074162,-101.11557388707351,61.6855626064602,111
2,pi+,-31.739376862686782,-102.09173777461599,62.24087276856386,112
2,pi+,-31.513226232063474,-103.06582636538471,62.79618293066753,113
2,pi+,-31.277962675640318,-104.03775421734505,63.351493092771186,114
2,pi+,-31.033606829524892,-105.00743607799127,63.90680325487485,115
2,pi+,-30.780180127353596,-105.97478689182444,64.46211341697851,116
2,pi+,-30.517704798411543,-106.93972180781303,65.01742357908218,117
2,pi+,-30.246203865682887,-107.9021561868356,65.57273374118583,118
2,pi+,-29.96570114383119,-108.86200560910501,66.1280439032895,119
2,pi+,-29.676221237110624,-109.81918588157313,66.68335406539316,120
2,pi+,-29.377789537207796,-110.77361304531598,67.23866422749683,121
2,pi+,-29.070432221014485,-111.72520338289804,67.79397438960048,122
2,pi+,-28.754176248331582,-112.67387342571561,68.34928455170414,123
2,pi+,-28.429049359504283,-113.61953996131822,68.90459471380781,124
2,pi+,-28.095080072988907,-114.56212004070748,69.45990487591146,125
2,pi+,-27.752297682851257,-115.50153098561317,70.01521503801513,126
2,pi+,-27.400732256197273,-116.43769039574522,70.5705252001188,127
2,pi+,-27.040414630535686,-117.37051615602131,71.12583536222246,128
2,pi+,-26.6713764110729,-118.29992644376986,71.68114552432611,129
2,pi+,-26.293649967941008,-119.2258397359069,72.23645568642978,130
2,pi+,-25.90726843335832,-120.14817481608688,72.79176584853344,131
2,pi+,-25.512265698723162,-121.06685078182664,73.3470760106371,132
2,pi+,-25.10867641164117,-121.98178705160163,73.90238617274076,133
3,pi+,-0.04300418905695484,-0.012189254714915203,0.06851014583377338,0
3,pi+,-0.3132802286852047,0.9505925208964416,-0.2037304141168724,1
3,pi+,-0.5787025537545182,1.9147236708969422,-0.4759709740675182,2
3,pi+,-0.8392644280029005,2.8801797262068964,-0.748211534018164,3
3,pi+,-1.0949592385237312,3.846936184121301,-1.0204520939688098,4
3,pi+,-1.3457804959335948,4.814968508931699,-1.2926926539194554,5
3,pi+,-1.5917218345369781,5.784252132548885,-1.5649332138701013,6
3,pi+,-1.8327770124878284,6.754762455126429,-1.837173773820747,7
3,pi+,-2.0689399119479672,7.726474845685009,-2.109414333771393,8
3,pi+,-2.3002045392423565,8.699364642737521,-2.3816548937220388,9
3,pi+,-2.526565025011215,9.67340715491498,-2.653895453672684,10
3,pi+,-2.7480156243589824,10.64857766159317,-2.92613601362333,11
3,pi+,-2.964550717000116,11.624851413520048,-3.198376573573976,12
3,pi+,-3.176164807401734,12.60220363344385,-3.470617133524622,13
3,pi+,-3.382852524923087,13.580609516741934,-3.7428576934752673,14
3,pi+,-3.584608623951863,14.560044232050299,-4.015098253425913,15
3,pi+,-3.7814279840373177,15.540482921893803,-4.287338813376559,16
3,pi+,-3.973305610020227,16.52190070331701,-4.559579373327205,17
3,pi+,-4.160236632159663,17.504272668515725,-4.831819933277851,18
3,pi+,-4.342216306256587,18.48757388546914,-5.104060493228497,19
3,pi+,-4.519240013774246,19.471779398572572,-5.376301053179142,20
3,pi+,-4.691303261955402,20.456864229270842,-5.648541613129788,21
3,pi+,-4.858401683936342,21.44280337669221,-5.9207821730804335,22
3,pi+,-5.020531038857714,22.429571818282874,-6.193022733031079,23
3,pi+,-5.177687211972157,23.417144510442043,-6.465263292981725,24
3,pi+,-5.329866214748731,24.405496389157523,-6.737503852932371,25
3,pi+,-5.477064184974136,25.394602370641813,-7.009744412883017,26
3,pi+,-5.61927738685075,26.384437351968746,-7.281984972833663,27
3,pi+,-5.756502211091421,27.37497621171056,-7.554225532784308,28
3,pi+,-5.888735175011078,28.366193810575464,-7.826466092734954,29
3,pi+,-6.015972922615127,29.358064992045684,-8.0987066526856,30
3,pi+,-6.138212224684608,30.350564583015903,-8.370947212636246,31
3,pi+,-6.255449978858169,31.343667394432142,-8.643187772586892,32
3,pi+,-6.36768320971078,32.33734822193103,-8.915428332537537,33
3,pi+,-6.474909068829269,33.3315818464795,-9.187668892488183,34
3,pi+,-6.577124834884604,34.32634303501482,-9.45990945243883,35
3,pi+,-6.674327913700952,35.321606541085,-9.732150012389475,36
3,pi+,-6.766515838321533,36.31734710548953,-10.004390572340121,37
3,pi+,-6.853686269071211,37.31353945692042,-10.276631132290767,38
3,pi+,-6.935836993615894,38.3101583126036,-10.548871692241413,39
3,pi+,-7.0129659270186675,39.307178378940606,-10.821112252192057,40
3,pi+,-7.085071111792709,40.30457435215044,-11.093352812142703,41
3,pi+,-7.152150717950979,41.302320918911825,-11.365593372093349,42
3,pi+,-7.214203043052651,42.300392757005646,-11.637833932043995,43
3,pi+,-7.271226512246329,43.29876453595755,-11.91007449199464,44
3,pi+,-7.32321967831002,44.29741091768092,-12.182315051945286,45
3,pi+,-7.370181221687835,45.29630655711982,-12.454555611895932,46
3,pi+,-7.412109950523525,46.29542610289236,-12.726796171846578,47
3,pi+,-7.4490048006906875,47.29474419793399,-12.999036731797224,48
3,pi+,-7.480864835819794,48.29423548014112,-13.27127729174787,49
3,pi+,-7.507689247321955,49.29387458301478,-13.543517851698516,50
3,pi+,-7.529477354409433,50.29363613630437,-13.815758411649162,51
3,pi+,-7.546228604112931,51.293494766651605,-14.087998971599808,52
3,pi+,-7.557942571295613,52.29342509823444,-14.360239531550453,53
3,pi+,-7.5646189586639005,53.29340175341105,-14.6324800915011,54
3,pi+,-7.566257596775023,54.293399353363974,-14.904720651451745,55
3,pi+,-7.562858444041315,55.29339251874421,-15.17696121140239,56
3,pi+,-7.554421586731266,56.29335587031527,-15.449201771353035,57
3,pi+,-7.5409472389673375,57.293264029597324,-15.721442331303681,58
3,pi+,-7.522435742720523,58.293091619511294,-15.993682891254327,59
3,pi+,-7.49888756780167,59.29281326502292,-16.265923451204973,60
3,pi+,-7.470303311849571,60.29240359378674,-16.53816401115562,61
3,pi+,-7.436683700315779,61.29183723679002,-16.810404571106265,62
3,pi+,-7.398029586446176,62.29108882899663,-17.08264513105691,63
3,pi+,-7.354341951259386,63.29013300999078,-17.354885691007556,64
3,pi+,-7.305621903521807,64.28894442462065,-17.627126250958202,65
3,pi+,-7.251870679719495,65.28749772364192,-17.899366810908848,66
3,pi+,-7.1930896440268,66.28576756436105,-18.171607370859494,67
3,pi+,-7.129280288271719,67.2837286112785,-18.44384793081014,68
3,pi+,-7.060444231898057,68.28135553673182,-18.716088490760786,69
3,pi+,-6.986583221924297,69.27862302153824,-18.98832905071143,70
3,pi+,-6.907699132899298,70.27550575563748,-19.260569610662078,71
3,pi+,-6.823793966854687,71.27197843873398,-19.532810170612724,72
3,pi+,-6.734869853254073,72.268015780939,-19.80505073056337,73
3,pi+,-6.640929048938984,73.26359250341251,-20.077291290514015,74
3,pi+,-6.541973938071617,74.25868333900478,-20.34953185046466,75
3,pi+,-6.438007032074273,75.25326303289754,-20.621772410415307,76
3,pi+,-6.3290309695656966,76.24730634324507,-20.894012970365953,77
3,pi+,-6.215048516294047,77.24078804181461,-21.1662535303166,78
3,pi+,-6.0960625650667275,78.23368291462694,-21.438494090267245,79
3,pi+,-5.972076135676973,79.22596576259605,-21.710734650217887,80
3,pi+,-5.84309237482721,80.21761140216876,-21.982975210168533,81
3,pi+,-5.709114556049165,81.20859466596382,-22.25521577011918,82
3,pi+,-5.570146079620834,82.19889040341083,-22.527456330069825,83
3,pi+,-5.426190472480155,83.18847348138821,-22.79969689002047,84
3,pi+,-5.277251388135472,84.17731878486146,-23.071937449971117,85
3,pi+,-5.123332606572891,85.16540121752018,-23.344178009921762,86
3,pi+,-4.964438034160249,86.15269570241529,-23.61641856987241,87
3,pi+,-4.80057170354803,87.1391771825953,-23.888659129823054,88
3,pi+,-4.631737773567032,88.12482062174237,-24.1608996897737,89
3,pi+,-4.457940529122762,89.10960100480759,-24.433140249724346,90
3,pi+,-4.27918438108674,90.0934933386459,-24.705380809674992,91
3,pi+,-4.095473866184523,91.07647265265045,-24.977621369625638,92
3,pi+,-3.906813646880579,92.05851399938626,-25.249861929576284,93
3,pi+,-3.7132085112599427,93.0395924552234,-25.52210248952693,94
3,pi+,-3.5146633729067354,94.01968312096959,-25.794343049477575,95
3,pi+,-3.311183270779413,94.99876112250202,-26.06658360942822,96
3,pi+,-3.102773369082879,95.97680161139873,-26.338824169378867,97
3,pi+,-2.889438957137493,96.95377976556924,-26.611064729329513,98
3,pi+,-2.671185449244728,97.92967078988445,-26.88330528928016,99
3,pi+,-2.4480183845498367,98.904449916806,-27.155545849230805,100
3,pi+,-2.2199434269012492,99.87809240701485,-27.42778640918145,101
3,pi+,-1.9869663647068059,100.85057355003909,-27.700026969132097,102
3,pi+,-1.7490931107868626,101.82186866488114,-27.972267529082742,103
3,pi+,-1.50632970222426,102.79195310064412,-28.24450808903339,104
3,pi+,-1.2586823002110457,103.76080223715742,-28.516748648984034,105
3,pi+,-1.0061571898921748,104.72839148560168,-28.78898920893468,106
3,pi+,-0.7487607802059308,105.69469628913271,-29.061229768885326,107
3,pi+,-0.4864996037213203,106.65969212350474,-29.333470328835972,108
3,pi+,-0.21938031647223255,107.62335449769294,-29.605710888786618,109
3,pi+,0.05259030221141714,108.58565895451486,-29.877951448737264,110
3,pi+,0.32940534987582737,109.54658107125118,-30.15019200868791,111
3,pi+,0.6110578011183954,110.50609646026564,-30.422432568638552,112
3,pi+,0.8975405077661449,111.46418076962377,-30.694673128589198,113
3,pi+,1.188846199056968,112.42080968371117,-30.966913688539844,114
3,pi+,1.4849674818243557,113.37595892385049,-31.23915424849049,115
3,pi+,1.7858968406848668,114.32960424891756,-31.511394808441135,116
3,pi+,2.0916266382289486,115.28172145595677,-31.78363536839178,117
3,pi+,2.402149115214705,116.23228638079522,-32.05587592834243,118
3,pi+,2.717456390764937,117.18127489865597,-32.32811648829308,119
3,pi+,3.0375404625670157,118.12866292477045,-32.60035704824372,120
3,pi+,3.3623932070760816,119.07442641498957,-32.87259760819437,121
3,pi+,3.6920063797211675,120.01854136639396,-33.144838168145014,122
3,pi+,4.0263716151144315,120.96098381790327,-33.41707872809566,123
3,pi+,4.365480427263506,121.9017298508842,-33.689319288046306,124
3,pi+,4.709324209786821,122.8407555897575,-33.96155984799695,125
3,pi+,5.057894236132064,123.77803720260403,-34.2338004079476,126
3,pi+,5.41118165979767,124.71355090176945,-34.506040967898244,127
4,pi+,0.05236839804402784,0.03483100334673805,0.35568184700422706,0
4,pi+,0.6262677523048409,-0.7839736553983148,1.7159850849420044,1
4,pi+,1.2394280698496438,-1.5738065256891995,3.0762883228797815,2
4,pi+,1.8903892563236795,-2.3327868098256825,4.436591560817559,3
4,pi+,2.5776012036616676,-3.0591071781477543,5.7968947987553365,4
4,pi+,3.2994274812986832,-3.751038072758098,7.157198036693114,5
4,pi+,4.054149232937383,-4.406931826049736,8.517501274630892,6
4,pi+,4.839969269592363,-5.025226584231584,9.877804512568668,7
4,pi+,5.655016349165031,-5.604450026508954,11.238107750506446,8
4,pi+,6.497349632358237,-6.143222871062701,12.598410988444222,9
4,pi+,7.364963304319938,-6.640262159478328,13.958714226382,10
4,pi+,8.255791351010588,-7.094384311803999,15.319017464319778,11
4,pi+,9.167712478920457,-7.504507944962552,16.679320702257556,12
4,pi+,10.098555166421768,-7.869656447806149,18.03962394019533,13
4,pi+,11.04610283472705,-8.188960306681677,19.399927178133108,14
4,pi+,12.008099126140337,-8.461659175969153,20.760230416070886,15
4,pi+,12.982253277032278,-8.687103688662582,22.120533654008664,16
4,pi+,13.96624557274477,-8.864757002681888,23.480836891946442,17
4,pi+,14.957732871435486,-8.994196079233651,24.84114012988422,18
4,pi+,15.954354183708645,-9.075112690176638,26.201443367821994,19
4,pi+,16.95373629474549,-9.107314151993235,27.561746605759772,20
4,pi+,17.953499415546595,-9.090723784619083,28.92204984369755,21
4,pi+,18.95126284982911,-9.025381094038265,30.28235308163533,22
4,pi+,19.9446506630844,-8.911441678209279,31.642656319573106,23
4,pi+,20.931297340296712,-8.749176856545784,33.002959557510884,24
4,pi+,21.908853418850292,-8.538973023834439,34.36326279544866,25
4,pi+,22.87499108321155,-8.281330730128325,35.72356603338644,26
4,pi+,23.82740970806394,-7.976863488806927,37.08386927132421,27
4,pi+,24.763841336695776,-7.626296315641069,38.44417250926199,28
4,pi+,25.68205608159566,-7.230464002341593,39.80447574719977,29
4,pi+,26.579867434395204,-6.790309128702939,41.164778985137545,30
4,pi+,27.45513747251468,-6.306879818075304,42.52508222307532,31
4,pi+,28.30578195011335,-5.781327241509986,43.8853854610131,32
4,pi+,29.129775261221475,-5.21490287652145,45.24568869895088,33
4,pi+,29.925155263235396,-4.608955526993531,46.60599193688866,34
4,pi+,30.690027949290055,-3.9649281113262163,47.966295174826435,35
4,pi+,31.42257195838235,-3.2843542264712564,49.32659841276421,36
4,pi+,32.12104291250594,-2.56885449603857,50.686901650701984,37
4,pi+,32.78377757046942,-1.8201327111694479,52.04720488863976,38
4,pi+,33.40919778850663,-1.0399717733663145,53.40750812657754,39
4,pi+,33.995814278247835,-0.23022944894001718,54.76781136451532,40
4,pi+,34.54223015310305,0.6071660548153996,56.128114602453095,41
4,pi+,35.047144254612746,1.4702206811863157,57.48841784039087,42
4,pi+,35.50935425084487,2.3568792724076957,58.84872107832865,43
4,pi+,35.92775949946022,3.265030463528813,60.20902431626643,44
4,pi+,36.30136366862839,4.192511710122906,61.56932755420421,45
4,pi+,36.629277109553314,5.137114437868471,62.929630792141985,46
4,pi+,36.91071897495858,6.096589301739741,64.28993403007976,47
4,pi+,37.14501907848818,7.068651542282803,65.65023726801753,48
4,pi+,37.33161949059466,8.050986426222732,67.01054050595532,49
4,pi+,37.47007586711465,9.041254758446145,68.37084374389309,50
4,pi+,37.560058507368,10.037098452233778,69.73114698183088,51
4,pi+,37.60135313926094,11.036146144478964,71.09145021976865,52
4,pi+,37.5938614295237,12.03601884252046,72.45175345770642,53
4,pi+,37.53760121786767,13.034335589143497,73.8120566956442,54
4,pi+,37.43270647450436,14.028719132258693,75.17235993358197,55
4,pi+,37.279426981127486,15.016801585758248,76.53266317151976,56
4,pi+,37.07812773611769,15.996230068069273,77.89296640945753,57
4,pi+,36.82928808538638,16.964672304977334,79.25326964739531,58
4,pi+,36.53350058092832,17.919822183378656,80.61357288533308,59
4,pi+,36.19146956980106,18.859405242735754,81.97387612327087,60
4,pi+,35.80400951689122,19.78118409116019,83.33417936120864,61
4,pi+,35.372043065461476,20.682963733225137,84.69448259914643,62
4,pi+,34.896598840096885,21.562596796820994,86.0547858370842,63
4,pi+,34.378808997281745,22.41798864660743,87.41508907502197,64
4,pi+,33.81990652944043,23.247102371885504,88.77539231295975,65
4,pi+,33.22122232886132,24.047963637012316,90.13569555089752,66
4,pi+,32.58418201849576,24.818665382808273,91.49599878883531,67
4,pi+,31.910302557178657,25.557372367761403,92.85630202677308,68
4,pi+,31.20118862735454,26.26232553821529,94.21660526471086,69
4,pi+,30.45852881391093,26.931846217133785,95.57690850264864,70
4,pi+,29.684091583218002,27.564340101468048,96.93721174058642,71
4,pi+,28.87972107194978,28.158301058607226,98.29751497852419,72
4,pi+,28.047332695714626,28.712314712872328,99.65781821646198,73
4,pi+,27.188908587951893,29.225061813512927,101.01812145439975,74
4,pi+,26.30649287995623,29.695321376186676,102.37842469233752,75
4,pi+,25.402186833268775,30.121973590440952,103.7387279302753,76
4,pi+,24.478143836026284,30.50400248627305,105.09903116821307,77
4,pi+,23.53656427518339,30.840498353419257,106.45933440615086,78
4,pi+,22.579690296818374,31.1306599076119,107.81963764408863,79
4,pi+,21.60980046699959,31.373796198645753,109.17994088202641,80
4,pi+,20.62920434592648,31.56932825571038,110.54024411996419,81
4,pi+,19.640236988265308,31.716790466070385,111.90054735790197,82
4,pi+,18.64525338277619,31.815831683810522,113.26085059583974,83
4,pi+,17.646622844471647,31.866216066005588,114.62115383377753,84
4,pi+,16.646723372660766,31.867823634323816,115.9814570717153,85
4,pi+,15.64793598831364,31.82065056072649,117.34176030965307,86
4,pi+,14.652639064230614,31.724809176583552,118.70206354759085,87
4,pi+,13.663202661517348,31.58052770518332,120.06236678552862,88
4,pi+,12.681982885852339,31.38814971827344,121.42267002346641,89
4,pi+,11.711316276985846,31.148133317927098,122.78297326140418,90
4,pi+,10.753514244830427,30.861050045682745,124.14327649934197,91
4,pi+,9.810857565392142,30.52758352155484,125.50357973727974,92
4,pi+,8.885590949649067,30.148527816156616,126.86388297521752,93
4,pi+,7.979917698310061,29.724785559811288,128.2241862131553,94
4,pi+,7.095994455182147,29.25736579315416,129.58448945109308,95
4,pi+,6.235926071640078,28.747381564344202,130.94479268903083,96
4,pi+,5.401760594427202,28.196047278606585,132.30509592696862,97
4,pi+,4.595484388723023,27.604675806417696,133.6653991649064,98
4,pi+,3.819017408090474,26.97467535721868,135.0257024028442,99
4,pi+,3.074208622566651,26.307546126102153,136.38600564078195,100
4,pi+,2.362831615783783,25.604876721457135,137.74630887871973,101
4,pi+,1.6865803616047614,24.868340382078763,139.10661211665752,102
4,pi+,1.047065190330457,24.09969099275123,140.4669153545953,103
4,pi+,0.4458089540839527,23.30075890779139,141.82721859253306,104
4,pi+,-0.11575659949684258,22.473446592498625,143.18752183047084,105
4,pi+,-0.6362942366230726,21.61972409288965,144.54782506840863,106
4,pi+,-1.1145644216567359,20.741624344505986,145.90812830634638,107
4,pi+,-1.5494282687677519,19.84123833146525,147.26843154428417,108
4,pi+,-1.9398502539176583,18.920710107283504,148.62873478222195,109
4,pi+,-2.284900680711914,17.98223168932564,149.98903802015974,110
4,pi+,-2.583757894249098,17.028037839041367,151.3493412580975,111
4,pi+,-2.835710237695146,16.06040074041625,152.70964449603528,112
4,pi+,-3.040157746923529,15.081624589310238,154.06994773397307,113
4,pi+,-3.196613579186069,14.094040106567304,155.43025097191085,114
4,pi+,-3.3047051724122594,13.099998987962337,156.7905542098486,115
4,pi+,-3.3641751323765616,12.101868304201242,158.1508574477864,116
4,pi+,-3.37488184562107,11.102024864309232,159.51116068572418,117
4,pi+,-3.336799816674007,10.10284955582985,160.87146392366193,118
4,pi+,-3.250019728761103,9.106721675311784,162.23176716159972,119
4,pi+,-3.1147482278652148,8.116013262584325,163.5920703995375,120
4,pi+,-2.931307430648442,7.133083452313,164.9523736374753,121
4,pi+,-2.700134157408477,6.160272856285638,166.31267687541305,122
4,pi+,-2.4217788918957726,5.199897989806439,167.67298011335083,123
4,pi+,-2.096904470468394,4.2542457554698325,169.03328335128862,124
4,pi+,-1.7262845037060837,3.325567997450027,170.3935865892264,125
4,pi+,-1.3108015342420665,2.4160761392737626,171.75388982716416,126
4,pi+,-0.8514449351992335,1.5279359178450795,173.11419306510194,127
4,pi+,-0.34930855423519674,0.66326222626199,174.47449630303973,128
4,pi+,0.1944118911938015,-0.17588592229467565,175.83479954097749,129
4,pi+,0.7784216611474541,-0.9875102976077077,177.19510277891527,130
4,pi+,1.4013300763142669,-1.7696782107298978,178.55540601685306,131
4,pi+,2.061653829581112,-2.520527116219661,179.91570925479084,132
4,pi+,2.7578205181735838,-3.238269047346567,181.2760124927286,133
4,pi+,3.4881723879564284,-3.9211948737056894,182.63631573066638,134
4,pi+,4.250970280977731,-4.567678371102063,183.99661896860417,135
4,pi+,5.044397776856789,-5.1761800940138745,185.35692220654195,136
4,pi+,5.866565518153991,-5.745251041413093,186.7172254444797,137
4,pi+,6.715515709422717,-6.273536107214105,188.0775286824175,138
4,pi+,7.58922677923006,-6.759777307134165,189.43783192035528,139
4,pi+,8.485618194044719,-7.2028167742814615,190.79813515829304,140
4,pi+,9.402555412528999,-7.601599516337663,192.15843839623082,141
4,pi+,10.337854968437542,-7.955175927769298,193.5187416341686,142
4,pi+,11.289289670018817,-8.262704051085741,194.8790448721064,143
5,K+,0.023354592814511386,-0.052926837923362155,0.23420281522597997,0
5,K+,0.9542202151208058,0.31161783972646906,1.7360376869803757,1
5,K+,1.9125620367863543,0.5961957405572634,3.2378725587347716,2
5,K+,2.8915241826720917,0.798771024630363,4.739707430489168,3
5,K+,3.884103262039626,0.9178944899778803,6.241542302243563,4
5,K+,4.8831984700613384,0.9527139400389513,7.74337717399796,5
5,K+,5.881662386220475,0.9029802801830049,9.245212045752355,6
5,K+,6.8723521061949056,0.769049299706168,10.74704691750675,7
5,K+,7.848180341432521,0.5518791265526088,12.248881789261148,8
5,K+,8.802166120857322,0.253023372969452,13.750716661015543,9
5,K+,9.727484731991654,-0.12537997886947272,15.252551532769939,10
5,K+,10.617516544221083,-0.5806238717599808,16.754386404524336,11
5,K+,11.465894364925507,-1.1094515394659306,18.25622127627873,12
5,K+,12.2665489896958,-1.7080798052773982,19.758056148033127,13
5,K+,13.013752620774582,-2.372226146453187,21.259891019787524,14
5,K+,13.702159843110227,-3.097139330931596,22.761725891541918,15
5,K+,14.326845864885797,-3.8776334071376324,24.263560763296315,16
5,K+,14.883341748954248,-4.708124803727254,25.76539563505071,17
5,K+,15.36766638313793,-5.582672273861006,27.267230506805106,18
5,K+,15.776354960680354,-6.495019398249992,28.769065378559503,19
5,K+,16.106483767104024,-7.438639342911922,30.270900250313897,20
5,K+,16.35569109615186,-8.406781551445022,31.772735122068294,21
5,K+,16.522194145181768,-9.392520037788257,33.27456999382269,22
5,K+,16.604801769146526,-10.388802933986621,34.776404865577085,23
5,K+,16.60292300191836,-11.388502938502079,36.27823973733148,24
5,K+,16.51657128399755,-12.38446830416829,37.78007460908588,25
5,K+,16.346364366360554,-13.36957400102676,39.28190948084028,26
5,K+,16.093519891135415,-14.33677268803095,40.78374435259467,27
5,K+,15.759846680719907,-15.279145128972173,42.285579224349064,28
5,K+,15.347731797659073,-16.189949691957153,43.78741409610346,29
5,K+,14.860123467854521,-17.062670578323303,45.28924896785786,30
5,K+,14.300509989270843,-17.891064435967106,46.791083839612256,31
5,K+,13.672894777024212,-18.669205023618925,48.292918711366646,32
5,K+,12.981767723377766,-19.391525606540718,49.79475358312104,33
5,K+,12.232073077531428,-20.05285878035241,51.29658845487544,34
5,K+,11.4291740749907,-20.648473438091457,52.79842332662984,35
5,K+,10.578814569552048,-21.17410861604727,54.300258198384235,36
5,K+,9.687077942385757,-21.626003976240966,55.802093070138625,37
5,K+,8.760343582176075,-22.00092670748203,57.30392794189302,38
5,K+,7.805241247655275,-22.296194652554664,58.80576281364742,39
5,K+,6.828603639017026,-22.509695496084312,60.30759768540182,40
5,K+,5.837417517508283,-22.639901875816463,61.809432557156214,41
5,K+,4.838773722884761,-22.68588230920327,63.31126742891061,42
5,K+,3.839816446299934,-22.64730785713031,64.81310230066501,43
5,K+,2.8476921215237754,-22.52445447711189,66.3149371724194,44
5,K+,1.869498300118071,-22.31820104912046,67.81677204417379,45
5,K+,0.9122328763098722,-22.030023088173046,69.31860691592819,46
5,K+,-0.01725597519718658,-21.66198218865426,70.82044178768258,47
5,K+,-0.9123187903339893,-21.216711275890045,72.32227665943698,48
5,K+,-1.7665523852224503,-20.697395770480806,73.82411153119138,49
5,K+,-2.5738456638697143,-20.10775080014234,75.32594640294577,50
5,K+,-3.3284233362969022,-19.451994622078523,76.82778127470017,51
5,K+,-4.024887234347377,-18.734818446019368,78.32961614645457,52
5,K+,-4.658254929605778,-17.96135287380714,79.83145101820897,53
5,K+,-5.223995377159259,-17.137131195618267,81.33328588996336,54
5,K+,-5.718061330209394,-16.268049805395716,82.83512076171776,55
5,K+,-6.136918293643894,-15.36032601867592,84.33695563347214,56
5,K+,-6.4775698094375365,-14.42045359457678,85.83879050522654,57
5,K+,-6.737578892993163,-13.45515628013781,87.34062537698094,58
5,K+,-6.915085467069457,-12.471339709351266,88.84246024873534,59
5,K+,-7.0088196685750646,-11.476042000993305,90.34429512048973,60
5,K+,-7.01811093303367,-10.476383408673279,91.84612999224413,61
5,K+,-6.942892791730689,-9.479515383299084,93.34796486399853,62
5,K+,-6.783703347223387,-8.492569412360472,94.84979973575292,63
5,K+,-6.541681423812575,-7.5226060020283985,96.35163460750732,64
5,K+,-6.218558420515084,-6.576564167047246,97.85346947926172,65
5,K+,-5.816645924819936,-5.661211789763723,99.35530435101612,66
5,K+,-5.33881917583808,-4.783097203418664,100.8571392227705,67
5,K+,-4.788496495148598,-3.9485023460697564,102.3589740945249,68
5,K+,-4.169614832490826,-3.1633978202768853,103.8608089662793,69
5,K+,-3.4866016012459946,-2.433400180048512,105.36264383803369,70
5,K+,-2.744343005194297,-1.763731750613554,106.86447870978809,71
5,K+,-1.9481490831344144,-1.159183268463941,108.36631358154249,72
5,K+,-1.1037157214324786,-0.6240796089368658,109.86814845329688,73
5,K+,-0.2170839062587788,-0.1622488465181103,111.36998332505128,74
5,K+,0.7054034929827505,0.2230051307943881,112.87181819680568,75
5,K+,1.6571470998654796,0.5289262571527565,114.37365306856007,76
5,K+,2.6313382421748632,0.7533260054601851,115.87548794031446,77
5,K+,3.62100766042305,0.894599043860284,117.37732281206885,78
5,K+,4.619075365187612,0.9517347201098857,118.87915768382325,79
5,K+,5.618401286600474,0.9243242916773609,120.38099255557765,80
5,K+,6.611836353645876,0.8125638498430781,121.88282742733205,81
5,K+,7.592273637851697,0.617252916883309,123.38466229908644,82
5,K+,8.552699195497397,0.3397887263731665,124.88649717084084,83
5,K+,9.486242244619035,-0.017843772473306263,126.38833204259524,84
5,K+,10.386224317850358,-0.45308611491802875,127.89016691434963,85
5,K+,11.24620703946571,-0.9628246236826179,129.39200178610403,86
5,K+,12.060038184833084,-1.543412683863444,130.89383665785843,87
5,K+,12.821895692772646,-2.190696830425538,132.39567152961283,88
5,K+,13.526329315961252,-2.900046461648299,133.89750640136722,89
5,K+,14.168299611420254,-3.6663869659561446,135.39934127312162,90
5,K+,14.74321399215286,-4.484236025148208,136.90117614487602,91
5,K+,15.24695958202151,-5.347742834317879,138.40301101663042,92
5,K+,15.675932638824918,-6.250729957886783,139.90484588838478,93
5,K+,16.027064335085264,-7.186737522319808,141.40668076013918,94
5,K+,16.297842712112544,-8.14906942937109,142.90851563189358,95
5,K+,16.48633065028901,-9.13084125925647,144.41035050364798,96
5,K+,16.591179727016225,-10.12502952105802,145.91218537540237,97
5,K+,16.61163986318647,-11.124521898028643,147.41402024715677,98
5,K+,16.547564689168638,-12.122168128347333,148.91585511891117,99
5,K+,16.399412591920957,-13.110831157329208,150.41768999066556,100
5,K+,16.168243435739615,-14.08343819515328,151.91952486241996,101
5,K+,15.855710980102648,-15.033031314846138,153.42135973417436,102
5,K+,15.46405104885111,-15.952817228549183,154.92319460592876,103
5,K+,14.996065535343844,-16.836215885975054,156.42502947768315,104
5,K+,14.455102358011382,-17.67690754738539,157.92686434943755,105
5,K+,13.845031509704672,-18.468877994334562,159.42869922119195,106
5,K+,13.170217372179202,-19.20646155474671,160.93053409294635,107
5,K+,12.43548749377352,-19.884381634529326,162.43236896470074,108
5,K+,11.64609805364355,-20.497788465764348,163.93420383645514,109
5,K+,10.80769625961773,-21.042293801430386,165.43603870820954,110
5,K+,9.926279948674747,-21.5140023084537,166.93787357996393,111
5,K+,9.008154679057755,-21.909539434505383,168.43970845171833,112
5,K+,8.05988862098349,-22.22607554918867,169.94154332347273,113
5,K+,7.088265568653349,-22.46134618691289,171.44337819522713,114
5,K+,6.100236409713469,-22.613668246638646,172.9452130669815,115
5,K+,5.102869399346245,-22.68195203260313,174.4470479387359,116
5,K+,4.103299594726781,-22.665709049887287,175.9488828104903,117
5,K+,3.108677811585257,-22.56505549905637,177.4507176822447,118
5,K+,2.1261194680341333,-22.380711444873498,178.95255255399908,119
5,K+,1.1626536816262014,-22.11399566503316,180.45438742575348,120
5,K+,0.225172983797572,-21.7668162157663,181.95622229750788,121
5,K+,-0.6796159885667841,-21.341656781809625,183.45805716926228,122
5,K+,-1.545240471697709,-20.84155890839002,184.95989204101667,123
5,K+,-2.3655078804032854,-20.270100242334472,186.46172691277107,124
5,K+,-3.1345501091624675,-19.631368937966506,187.96356178452547,125
5,K+,-3.8468655119259765,-18.929934410886204,189.46539665627986,126
5,K+,-4.4973582603050515,-18.170814648858673,190.96723152803426,127
5,K+,-5.081374798584043,-17.359440313664916,192.46906639978866,128
5,K+,-5.594737134761489,-16.501615890726896,193.97090127154306,129
5,K+,-6.033772729459091,-15.60347816443821,195.47273614329745,130
